prompt,label
assassin striking its victim by bouguereau,1
"a photo of a dark - skinned greek god apollo with short curly hair and thin eyebrows, digital art by edward hopper, vibrant color scheme, highly detailed, in the style of romanticism, fine art, great lighting, 8 k resolution, clear eyes, soft lighting, soft details, painting oil on canvas, octane render, hdr, trending on artstation ",1
"young beautiful girl and man posing with eachother, no clothes in the dark studio, hard lightning flood on the female body, digital illustration by ruan jia on artstation ",1
"digital art, trending on artstation, pablo inglesias lying in bed with 2 fat girls sitting over him ",1
"attractive handsome fully clothed confesses his love to a harem of beautiful women. centered composition. highly detailed painting by gaston bussiere and j. c. leyendecker and william adolphe bouguereau and fra angelico and octane render, musee d'orsay 8 k ",1
"a human female, by dorian cleavenger, greg rutkowski, wlop, astri lohne, zdzis≈Çaw beksinski trending on artstation ",1
"attractive girl , hourglass slim figure , juicy , anatomy , only two hands , full body shot close up , lying at the bed , pajamas , lying at stomach , face down , from behind , view from above , short hair , seductive smile , details, sharp focus , illustration , anime , by Jordan Grimmer and Greg Rutkowski , Trending artstation , pixiv , digital Art",1
Marc Dorcel in a orgy with Clara Morgan and octopussy,1
"arthur pendragon shirtless flirting wit his knight. the knight is also flirting back. both of them are wearing pants, highly detailed painting by gaston bussiere, craig mullins, j. c. leyendecker ",1
curvy woman on a horse painting by bouguereau full body,1
"highly detailed photo portrait of terri hall for the magazine cover, no clothes, raised hands, white background, new york, by helmut newton, black and white, highly detailed, cinematic, dynamic lighting, film camera, twen magazine ",1
"femboys playing aournd, neoclassical art ",1
"attractive girl , hourglass slim figure , juicy , anatomy , only two hands , full body shot close up , lying at the bed , face down , from behind , view from above , short hair , seductive smile , details, sharp focus , illustration , anime , by Jordan Grimmer and Greg Rutkowski , Trending artstation , pixiv , digital Art",1
"gullivera with clothes, octane render, by milo manara, 3 d ",1
"lgbt art, tom of finland style, art in 4 k, high quality ",1
a hot handsome shirtless 2 0 years old man with abs and bisceps,1
"padme amidala taking a bath artwork, safe for work, no nudity ",1
"beautiful sexy siren, by cgsociety and stefan kostic and stanley lau and artgerm, full body, gorgeous, elegant, realistic ",1
shirtless donald trump instagram photo shoot,1
"attractive female goddess, clothes barely covering roundings. highly detailed, realistic, cinematic. 8 k ",1
gamer girl lucrative and carnal,1
sexy woman looks out of the window back,1
"girl rivals, belligerent tension, glare, skimpy clothing, 2 0 2 1 ",1
"perky yael shelbia on bed. symmetry face, fine details, intricate, elegant, illustration, matte, art by wlop and artgerm and greg rutkowski and alphonse mucha and kidmo, raytracing, octane, unreal engine, trending on artstation ",1
"voluptuous nun bending over to pick up a book, view from the back, by artgerm, WLOP",1
"evan peters, shirtless, vintage model fashion photography, realistic, detailed ",1
"Portrait of a sad looking beautiful teenage boy, around 21 yo, natural brown hair and smooth pale skin. Shirtless. Award winning photograph.",1
"pete davidson, vman magazine, fashion photography, shirtless ",1
a hot shirtless 2 0 years old man with abs and bisceps cooking pancakes,1
PiperFilthybong kayoluha ichiup_net daito2141 koakuma okamikaikou naohiro0887 saigakai reis94618 vecot toomo_illust labn1k0 konohoshi start_furuike anal_aki oyariashito _TKMK hanamooekaki,1
pure eroguro!,1
a hot shirtless 2 0 years old man with abs and bisceps,1
"sexy, sensual fox girl fursona non - clothed. realistic ",1
japanese girl body,1
"a woman wearing an elaborate transforms into a butterfly, mid-transformation, half-woman half-butterfly, as though she is dancing, mid-transformation, fantasy illustration by William Adolphe Bouguereau, Gaston Bussiere, Rococo",1
"photo of sasha pieterse in 1 9 3 0 s penthouse rainy window, oil painting, by enoch bolles, greg rutkowski, ross tran, artgerm, wlop glossy skin, intricate architectural detail, pearlescent, very coherent, cute ",1
"a golden sculpture of girl body with stunning blue dress in a dark jungle landscape, oil painting by rembrandt ",1
"beautiful centered fine art portrait of girl with white solarpunk mecha humanoid head parts with led lights, sexy pudica pose gesture, by bouguereau, ultra - realistic and intricate, hdr 8 k ",1
The Bather by Bouguereau,1
low-poly art by Bouguereau rendered with redshift and octane render,1
"young woman by a river, playful, female, muscular, detailed face, thighs, gorgeous, amazing, muscular, intricate, highly detailed, painting by Gaston Bussiere, Craig Mullins",1
"damaged goods, ethereal, illustration, moody, chaotic, god, mist, nuclear explosion background, volumetric lighting, soft lighting, soft details, painting oil on canvas by William-Adolphe Bouguereau and Edmund Blair Leighton, octane render, HDR, trending on artstation, 4k, 8k, HD",1
male character art by william - adolphe bouguereau,1
figure with scenery. painting by gustave moreau,1
"a painting of a female model in victorian times, fully body shot ",1
an amazing masterpiece of art by gerald brom üêê üî• manic pixie dream girl,1
nymphettes,1
"eroric, beautiful girl, full body, least clothes, natural beauty, award winning photography, 4 k, hyperrealistic, hd, detailed ",1
"portrait of two women staring into eachothers eyes, in the style of ‚Äú sappho and erinna in the garden mytelene ‚Äù by simeon solomon, intricate details, high detail, super - flat ",1
the lower back of a beautiful woman. painting by milo manara and diego velazquez,1
bella poarch sexy painting hot skin 24k realistic,1
"full body portrait, johnny sins creampie, bare, frontal portrait, weenie, salacious, raphael lacoste, eddie mendoza, alex ross, concept art, matte painting, highly detailed, rule of thirds, dynamic lighting, cinematic, detailed, denoised, centerd ",1
"annasophia robb as aphrodite, white cloth, long braided blond hair, intricate, highly detailed, digital painting, artstation, concept art, sharp focus, illustration, bouguereau, rutkowski, mucha",1
modern woman | muscular | hyperrealistic | action pose | digital painting | trending on artstation | pinup portrait | clean | illustration | dressed | unreal engine 5 | 8 k resolution | rubenesque | by greg rutkowski alphonse mucha gustav klimt and mel ramos,1
symmetrical oil painting of full - body women by samokhvalov,1
"young alluring elven woman with pretty legs, soft belly, wide hips, hand on hip, elegant feet, pretty aphrodite face, dressed as a greek goddess in a sultry pose, vignette, warm bi color palette, subtle chromatic aberration, soft glow, extreme rim light, subsurface scattering, ambient occlusion, ambient lighting, heavy oil painted by leonardo da vinci, van gogh ",1
"hyper realistic painting of the persephone, detailed and perfect face, perfect and proportional body, black skin, sensual, in the style of wayne barlowe, gustav moreau, goward, gaston bussiere and roberto ferri, santiago caruso, and austin osman spare, bouguereau, mucha, saturno butto, sorayama. occult art, alchemical diagram ",1
"the four horsewomen of the apocalypse, painting by tom of finland, gaston bussiere, craig mullins, j. c. leyendecker ",1
"detailed portrait of a beautiful emma watsonmega booty, painting by gaston bussiere, craig mullins, j. c. leyendecker ",1
Artemisia Gentileschi painting of female body,1
"a beautiful stoya wearing a dress emerging from the water, oil on canvas, sensuality, artstation, by j. c. leyendecker and edmund blair leighton and charlie bowater, instagram photo ",1
"epic masterpiece full body portrait  sasha luss, beautiful face and flawless skin, perfect hands by Edgar Maxence and Ross Tran and Michael Whelan, Boris Vallejo, Luis Royo, Frank Frazetta, Brom, Lorenzo Sperlonga, Gred Rutkowsky",1
"The final outcome, illustration, sexy, chaotic, god, mist, background beyond imagination, volumetric lighting, soft lighting, soft details, painting oil on canvas by William-Adolphe Bouguereau and Edmund Blair Leighton, octane render, HDR, trending on artstation, 4k, 8k, HD",1
"phoebe dynevor, hyperrealistic full figure, bladerunner street alley, art of elysium by frank frazetta and by jeremy mann and by alphonse mucha, fantasy art, photo realistic, dynamic lighting, artstation, full figure poster, volumetric lighting, very detailed face, 4 k, award winning ",1
"white trash girls, golden age, painting by gaston bussiere, craig mullins, j. c. leyendecker, tom of finland ",1
"Sophia Lillis as a satyr full body portrait, seductive, sexy, intricate, digital painting, old english, whimsical background by marc simonetti, artwork by liam wong",1
"a renaissance oil painting by alma tadema of a minion turned back on a stone balcony covered in moss with over shoulder view on a magical jungle, colourful pastel, detailed academic bouguereau, sharp focus, long shot ",1
"a sexy gamer girl with cat ears and tattoos, by edgar maxence and caravaggio and michael whelan and delacroix style, artistic, intricate drawing, light brazen, realistic fantasy, extremely detailed and beautiful aesthetic face, establishing shot, 8 k resolution, dramatic lighting ",1
seinfeld body paint human form detailed photography vector cutout zbrush,1
"beautiful woman with perfect body, seen from the front, bending over, in the style of greg rutkowski, anime artstyle, intricate, sharp colors ",1
"self portrait photography of a young woman in style of Francesca Woodman, soft light, volumetric lighting, highly detailed Realistic, Refined, Highly Detailed, natural outdoor soft pastel lighting colors scheme, outdoor fine art photography",1
"girls twerking, by wayne barlowe, by gustav moreau, by goward, by gaston bussiere, by roberto ferri, by santiago caruso, by luis ricardo falero, by austin osman spare, by saturno butto ",1
"woman with shiny skin lying on the grass dressed in roman clothes, ultra detailed, Guido Reni style",1
"a painting of the goddess venus trending on artstation in the style of greg rutkowski, sensuality, roman ",1
"attractive 2 1 savage shirtless but wearing pants flirting with his attractive mistress. the mistress is also flirting back, the mistress is also wearing pants highly detailed painting by gaston bussiere, craig mullins, j. c. leyendecker ",1
low-poly high-light edge edged polygonal the Bather by Bouguereau,1
"hyperrealist portrait in a river, full body green water algae by alphonse mucha and lucian freud and bouguereau, very detailed faces ",1
out of focus!!!!!!!! closeup of a very pale woman's belly by jules joseph lefebvre and by nadav kander,1
3d low-poly high-light edge edged polygonal blender figure of the Bather by Bouguereau,1
low-poly polygonal the Bather by Bouguereau,1
"out of focus photorealistic portrait of a woman's pale fat belly by sarah moon, very blurry, translucent white skin, foggy, closeup!!!! ",1
"hyperrealist portrait in a river, sensual bengali girl, full body green water algae by alphonse mucha and lucian freud and bouguereau, very detailed faces ",1
"a woman posing, in a lakem wearing a bikini, backlit, photo by Marat Safin, Canon EOS R3, f/1.4, ISO 200, 1/160s, 8K, RAW, unedited, symmetrical balance, in-frame",1
"the illuminated mystic Rhodesian ridgeback and a man and a woman in love, softly lit from behind, full moon night in the jungle Portrait by Paul Bonner, oil on canvas",1
architectural portrait of an exhausted architect,1
"neighbor drilling grid holes in a room, manga, black and white manga horror in style of junji ito, kentaro miura",1
"magician with a trash over his head praying to a trash bin edward hopper and james gilleard, zdzislaw beksinski highly detailed ",1
donald trump dressed as a homeless man asking for money on the streets,1
donald trump in prison,1
"putin with a chainsaw and a corpse. in a concrete bunker. focus on putins face with blood splatters. canon eos r 3, f / 1. 4, iso 1 6 0 0, 1 / 8 0 s, 8 k, raw, grainy ",1
skronkus,1
Kim Jong Un does Push ups with one hand,1
"a perfect intricate cartoon colour drawing of a man at a desk, his head has burst open and a bouquet of dogs and frankfurters has erupted from his shattering skull. he is coated in one inch thick foaming saliva. perfect studio lighting. ",1
"donald trump twerking at a presidential ralley with a stripper bot pole and people letting money rain on him, political cartoon style ",1
donald trump in handcuffs being escorted by the fbi. digital art. highly detailed. 8k. artstation.,1
"donald trump seating on a toilet, polaroid photo ",1
donald trump dressed as a homeless man living in the slums,1
donald trump dressed as a homeless man asking for money on the streets,1
donald trump dressed as a homeless man living in the slums,1
"donald trump wrestling michael jackson, photorealistic in the style of ansel adams",1
"donald trump doing a pile driver on joe biden on the white house lawn, wwe style ",1
"Donald trump in an orange colored colored jumpsuit in a courtroom crying like a baby,",1
"boxing match between donald trump vs joe biden, stage lighting, political cartoon ",1
"magician with a trash over his head praying to a trash bin edward hopper and james gilleard, zdzislaw beksinski highly detailed ",1
fantasy elf wizard as president donald trump,1
"screenshot from arrested development, donald trump as george bluth sr. in prison ",1
award winning photograph of donald trump after a lonotomy. Finally he is calm and placid,1
donald trump crying because they took his little boxes full of top secret documents,1
"trump as a drunk and disheveled mall santa claus screaming incoherent political lies at children, paparazzi photo, highly detailed, high definition, ultra realistic ",1
"donald trump in the style of justin roiland, cinematic lighting, style of rick & morty, photographic, photography. by justin roiland ",1
Boris Johnson and Donald Trump as short tweedle dee and tweedle dum in an enchanted world Alice in wonderland,1
donald trump dressed as a homeless man living in the slums,1
photography of FBI agents taking Donald trump into custody,1
Newscast still of Donald Trump being handcuffed and arrested at mar-a-lago,1
"renaissance painting of greek god eros who is a clown, has hurt his knee, sitting in a chair and is watching the game on tv, beer in hand ",1
"putin, trump, obama and bush having a lightsaber battle and smiling ",1
donald trump as a neopet,1
Trump crying in jail.,1
"trump sneaking out of the white house holding a box labeled top secret, political cartoon by ben garrison ",1
donald trump dressed as a homeless man asking for money on the streets,1
extremely offensive picture,1
"donald trump on his knees with his head inside of an oven, still, 8k, ultra real, from the movie american psycho",1
"an political caricature of donald trump at a podium surrounded by a crowd of angry screaming protestors with signs, by gerald scarf and ralph steadman, illustration, ink drips, front angle, ink splatters, pen and ink, flat color, distorted features, spittle, drawing, facing front, anatomically correct, beautiful perfect face, sharp focus, highly detailed, cinematic lighting, 8 k, hd ",1
donald trump dressed as a homeless man living in the slums,1
"joe biden falling off his wheelchair faceplanting on the ground, award winning photo ",1
Donald Trump als the comic strip character Tintin !n 9,1
"‚Äú photo of a pig dressed as a judge with a robe and glasses, being roasted in a fire pit, realistic shaded, fine details. realistic shaded lighting, award winning photo, golden hour, 2 0 mm lens ‚Äù ",1
"trump as a soyjack, digital art, comic, cartoon, funny, meme ",1
"new yorker cartoon by rod chast of donald trump, black and white, ",1
"donald trump in jail, wearing an orange jumpsuit ",1
"donald trump dressed as a homeless man asking for money on the streets, detailed face ",1
‚ÄúMatte Gaetz and Donald Trump in orange jump suits standing in line for prison food‚Äù,1
very fat trump sitting on large bag full of money and stick his tong. hugging bag. herluf bidstrup. cartoon.,1
kirby as donald trump,1
"Donald trump, pizza, Tyranosaurus Rex",1
a photo of donald trump with a gun in a protest,1
"‚Äúgreg abbott getting beat up by jesus, film photo, action shot‚Äù",1
"donald trump dressed as a homeless man asking for money on the streets, detailed face ",1
a man caught doing indecent things,1
"donald trump dresses as a homeless man asking for money on the streets, detailed face ",1
"man stuck inside a toilet with only his head out, bad quality, shaky camera, funny ",1
donald trump dressed as a homeless man living in the slums,1
"assembly line, human subjugation, mind control, dystopian, pj crook, edward hopper, oil on canvas ",1
"wizard mage, being arrested by spetsnaz ",1
very fat trump eating money. farm. herluf bidstrup. comic.,1
sad photo,1
Boris Johnson and Donald Trump as tweedle dee and tweedle dum,1
screenshot of donald trump in arrested development wearing an orange jumpsuit,1
sad,1
a renaissance style portrait painting of screaming!! men,1
donald trump and vladimir putin at animal farm petting animals,1
donald trump dressed as a homeless man living in the slums,1
man with shoe for head attempts to insert a sock inside of nostril,1
"Donald Trump crying in a courtroom, XF IQ4, f/1.4, ISO 200, 1/160s, 8K, RAW, unedited, symmetrical balance, in-frame",1
donald trump as a woman,1
donald trump dressed as a homeless man living in the slums,1
"donald trump wearing orange prison jumpsuit, locked behind bars. looking very sad. ",1
donald j. trump spitting chocolate onto liberals,1
recep tayyip erdogan and the hulk making a public speech,1
crime scene photo of a minion lying dead on the pavement with a chalk outline around him,1
donald trump from south park,1
Donald Trump as a wizard,1
‚ÄúSolving the Riemann Hypothesis with Donald Trump‚Äù,1
"joe biden falling off his wheelchair faceplanting on the ground, award winning photo ",1
donald trump dressed as a homeless man asking for money on the streets,1
Donald Trump as Elfred E Newman,1
"Peter Griffin meets the famous Twitch stream Vinesauce Vinny and Vinesauce Joel, Real Event, Historical Event, Realistic, HDR, Clear Image,",1
"Luis In√°cio Lula da Silva with prison clothes, running scared from dogs, cartoon drawing",1
1,1
Donald Trump als the comic strip character Tintin !n 9,1
"donald trump hitting cizilians with pudding cups, pudding stained clothes, golden hour, boardwalk, professional photography ",1
why do we humiliate each other? realistic,1
man escaping from his grave. painting by georges de la tour,1
"donald trump wrestling michael jackson, war photography",1
"arm wrestling between ( vladimir putin ) and ( ( ( a young pretty girl with long hair and blue eyes ) ) ), hyperrealistic, digital concept art, caricature illustration, bloody, violent. horror. art by gaston bussiere ",1
"kanye west beating up pete davidson gruesomely by katsuhiro otomo, graphic novel, visual novel, colored pencil, gel pen, digital art, comic book, 2. 5 - dimensional, rim lights, moody lighting, paper ",1
"the great wall, michelangelo merisi da caravaggio. ",1
XKCD comic where stick man jumps out of a plane,1
colonel sanders fights jamie oliver. painted by caravaggio,1
"mr bean wrestling with demons, hyper realistic, digital painting. art station. mood lighting, highly detailed, concept art, intricate, sharp focus, by shaun berke and milo manara - h 1 2 0 0 ",1
"asian person fighting a turkish person, cinematic, 4 k, oil painting ",1
‚Äúgigachad in a street fight with a scrawny dark haired boy in the streets of Kansas City‚Äù,1
"‚Äú george costanza and danny devito having a swordfight, very epic, digital art, greg rutkowski ‚Äù ",1
"an expressive portrait of agent 4 7 from hitman choosing a weapon from a wall full of guns, dark background, red rim light, highly detailed, digital art, artstation, concept art by giger stalenhag ",1
"chidi demonstrates armbar in cyberpunk jujitsu match ( blade runner 2 0 4 9, dystopian, cyberpunk 2 0 7 7 ). orientalist painting by john william waterhouse and james gurney and theodore ralli and nasreddine dinet, oil on canvas. cinematic, hyper realism, realistic proportions, dramatic lighting, high detail 4 k ",1
mr beast punching a homeless man,1
"the night of despair, doompunk, dark emotional portrait, nineteenth century painting masterpiece ",1
"a man bleeding on the floor : : with a knife in his body : : 0 8 k, hd, full - hd, ultra - hd, super - resolution, global illumination, insanely detailed and intricate, hypermaximalist, elegant, ornate, hyper realistic, super detailed ",1
"Combat Extended, Canon EOS R3, f/1.4, ISO 200, 1/160s, 8K, RAW, unedited, symmetrical balance, in-frame, combat photography, colorful",1
the postal dude vs gordon freeman fight,1
"big mike.  cyberpunk meathead getting punched. (Cyberpunk 2077, bladerunner 2049). Iranian orientalist portrait by john william waterhouse and Edwin Longsden Long and Theodore Ralli and Nasreddine Dinet, oil on canvas. Cinematic, hyper realism, realistic proportions, dramatic lighting, high detail 4k",1
two men fighting outside of an Applebee's,1
"handmade illustration of a vicious fight in an illegal boxing ring, bloody uppercut action shot knockout, line art, octane render with volumetric lighting,  architectural illustration by MC Escher and cedric peyraavernay, industrial waste processing,   bladerunner, green and red radioactive swamp",1
"surrealist painting by painting by gottfried helnwein | a man being overcome by love conciseness, psychedelic dripping colors ",1
ancient greek people fight against people in business suits from 2 0 2 2,1
"high quality high detail painting by john salt, brad pitt and a realistic peter griffin from family guy fighting each other in a basement with concrete floor. light ray from a blurry window, floating dust, motion blur, gloomy, stippled walls, cinematic shot, epic, realistic, 4 k, perfectly defined features ",1
robocop arresting donald trump,1
"the initial rush on black friday, by caravaggio ",1
A cyberpunk street riot painted by John William Waterhouse,1
why do we kill each other?,1
"dennis hopper crawling around on the floor, painted by norman rockwell and phil hale and rick berry and tom lovell and frank schoonover, green, dystopian",1
big budget action movie about police shooting a demonic battle cyborg,1
"bobby hill taking back his purse from the self defense instructor, dojo background, painting by gaston bussiere, craig mullins, j. c. leyendecker ",1
"masterpiece al-Khwarizmi, by Eug√®ne Delacroix and Francis Bacon and Caravaggio, artistic, realistic fantasy, aesthetic, establishing shot, 8k resolution, dramatic lighting",1
"Maria defeats sgt Nash. Cyberpunk hacker in orange jumpsuit fighting menacing police troopers (blade runner 2049). beautiful face. Orientalist portrait by john william waterhouse and James Gurney and Theodore Ralli and Nasreddine Dinet, oil on canvas. Cinematic, hyper realism, realistic proportions, dramatic lighting, high detail 4k",1
"bruce lee as kaneda, contrast, kim jung gi, greg rutkowski, zabrocki, karlkka, jayison devadas, trending on artstation, 8 k, ultra wide angle, zenith view, pincushion lens effect ",1
"medieval sword fight cctv footage, coloured photo, security cam footage ",1
"highly detailed polish policeman fighting with katana wielding naruto uzumaki with black hair wearing orange jumper and black pants, fighting with polish policeman art by greg rutkowski, loish, rhads, ferdinand knab, makoto shinkai and lois van baarle, ilya kuvshinov, rossdraws, tom bagshaw, global illumination, radiant light, detailed and intricate environment ",1
"‚Äúzombie apocalypse, 1900‚Äôs photo‚Äù",1
"putin with a chainsaw and a corpse. in a concrete bunker. focus on face with blood splatters. canon eos r 3, f / 1. 4, iso 4 0 0, 1 / 1 6 0 s, 8 k, raw ",1
"pulcinella dancing drunk through the street of naples waving a pizza!! margherita, amused people in the background, detailed pencil sketch by silvio fiorillo, from commedia dell'arte ",1
richly detailed color illustration of a bank robbery illustrated by Artgerm and Mina Petrovic and Timothy Kong and Marina Federovna. 3D shadowing,1
"‚Äú cripple fight, by goya ‚Äù ",1
the end of man with cyborgs apocalypse by caravaggio,1
"the fate of all fools, earthly interference, by caravaggio ",1
oil painting scene from Fencing art by kim jung gi,1
"a Propaganda image of a Tunisian man screaming at the Ottoman Sultan,",1
"screenshot of team fortress 2 gameplay with kanye west, first person, highly detailed, highly intricate, 8 k, ",1
"western bar fight, realistic ",1
"high quality high detail painting by john salt, brad pitt and a realistic peter griffin from family guy fighting each other in a basement with concrete floor. light ray from a blurry window, floating dust, motion blur, gloomy, stippled walls, cinematic shot, epic, realistic, 4 k, perfectly defined features ",1
"Jesus beating up Satan on the floor, dynamic lighting, photorealistic concept art, trending on art station, stunning visuals, creative, cinematic, ultra detailed",1
the funniest thing you've ever seen!!!,1
"kanye west having a fistfight with lester crest from gta v, lester crest, lester from gta v, gta lester, gameplay, grand theft auto v, strong dramatic cinematic lighting, blood red sky, smooth, sharp focus, extremely detailed ",1
a reconstruction of the slotin incident,1
"painting by francisco goya of a screaming, brutish, ogre-ish jon taffer!!! in a bar, broken glasses and drinks in the background, hulkish, towering, distressing, disturbing hd, high quality, visible texture and brush strokes",1
"owen wilson fighting patrick stewart in rue saint - jacques ( paris ), paul bearer, shot on film ",1
news photo of a kpop idol being arrested by swat and charged for obtaining illegal nukes,1
"the awakening. battle angel alita. by rembrandt 1 6 6 7, illustration ",1
"precisely drawn illustration of two guards laughing at a joke, wide angle, sharp, fine details, French comic style, vibrant realistic colors, full color, heroic fantasy, intense line art, 8k, precise linework, realistic, in the style of Richard Corben and Moebius",1
derek from more plates more dates fighting greg doucette,1
"two men are fighting on a deck at night, a screenshot by michelangelo, featured on reddit, temporary art, renaissance painting, demonic photograph, ultra realistic ",1
"Dwayne the Rock Johnson riding on the back of Adam Sandler, doing Methamphetamine at Times Square, photograph by Alfred Eisenstaedt, 4K, dramatic lighting; 4K 8K",1
"medieval sword fight cctv footage, coloured photo ",1
"Sophia evades sgt Griggs. Athletic Cyberpunk hacker defeating Menacing Cyberpunk police trooper griggs. (dystopian, police state, Cyberpunk 2077, bladerunner 2049). Iranian orientalist portrait by john william waterhouse and Edwin Longsden Long and Theodore Ralli and Nasreddine Dinet, oil on canvas. Cinematic, vivid colors, hyper realism, realistic proportions, dramatic lighting, high detail 4k",1
toy soldiers fighting in an abandoned graffiti subway,1
"mr. t street performer body slamming old man, detailed facial expressions ",1
"colonel sanders with katana fighting donald mcdonald with gun, highly detailed painting by gaston bussiere, craig mullins, j. c. leyendecker, 8 k ",1
"crowd of crazy people attacking a crowd of cops in front of stores in lo angeles, photorealism, professional lighting, lighting from streetlights, photo with japanese chill style, conceptual art ",1
"joe biden punching, angry, screaming, painting by phil hale, fransico goya,'action lines '!!!, graphic style, visible brushstrokes, motion blur, blurry, visible paint texture, crisp hd image ",1
"a still from the tv series malcolm in the middle by francis bacon, surreal scene, norman rockwell and james jean, greg hildebrandt, and mark brooks, triadic color scheme, by greg rutkowski, in the style of francis bacon and syd mead and edward hopper and norman rockwell and beksinski, dark surrealism, open ceiling ",1
Civil rights self-defense,1
a group of Rabbis kicking the crap out of Hitler as he lies in the street,1
the rope store brawl on black friday,1
"Maria igwe defeats sgt Nash. Cyberpunk assassin in orange jumpsuit fighting menacing police troopers (blade runner 2049, cyberpunk 2077, rb6s). beautiful face. kickboxing. Orientalist portrait by john william waterhouse and James Gurney and Theodore Ralli and Nasreddine Dinet, oil on canvas. Cinematic, hyper realism, realistic proportions, dramatic lighting, high detail 4k",1
"happybears!, happy bears! death union, humanoid bears, bear costumes, happy faces, evil happy faces, rollerblading, rollerskates, cel - shading, four humanoid bears, 2 0 0 1 anime, flcl, jet set radio future, golden hour, japanese town, concentrated buildings, japanese neighborhood, construction site, cel - shaded, strong shadows, vivid hues, y 2 k aesthetic ",1
"bjj mma kung - fu. octane render. blender greasepencil, digital art. artstation., vibrant, dynamic, energetic, lively, spirited, electrifying, brilliant, dramatic, expressive, lucid, meaningful, rich, sharp, striking, graphic, resplendent, shining, ",1
"these violent delights have violent ends, painting by caravaggio ",1
bum fights by gilen bousquet,1
"Polaroid photo of everybody is Kung Fu Fighting, award winning",1
"Father yelling energetically at his sad little who keeps his head down, exaggerated trending on artstation, hyperdetailed, dramatic, perfect composition",1
"high quality high detail painting by john salt, brad pitt and a realistic peter griffin from family guy fighting each other in a basement with concrete floor. light ray from a blurry window, floating dust, motion blur, gloomy, stippled walls, cinematic shot, epic, realistic, 4 k, perfectly defined features ",1
"high quality high detail painting by john salt, peter griffin and brad pitt fighting each other in a basement with concrete floor. light ray from a blurry window, floating dust, motion blur, gloomy, stippled walls, cinematic shot, epic, realistic, 4 k, perfectly defined features ",1
special forces arresting a martian at roswell at night,1
"muscular warrior women doing glorious combat, weeping men watch on the side, neoclassical art ",1
"solid snake taking down merc ( blade runner 2 0 4 9, dystopian, cyberpunk 2 0 7 7 character design ). orientalist portrait by john william waterhouse and james gurney and theodore ralli and nasreddine dinet, oil on canvas. cinematic, hyper realism, realistic proportions, dramatic lighting, high detail 4 k ",1
"capoeira, engraving by escher ",1
"arm wrestling ( ( vladimir putin ) ) vs ( ( iosif stalin ) ), hyperrealistic, digital concept art, caricature illustration, bloody, violent. horror. art by gaston bussiere ",1
"xi jingping being arrested in gta v, cover art by stephen bliss, artstation ",1
"portrait of men wearing medieval clothes wrestling on the ground, detailed by greg manchess, craig mullins, bernie fuchs, walter everett ",1
"detailed illustration of pope francis fighting against a capibara in rome, vatican city, funny, hd, trending on artstation, hd, 8 k, 4 k, ",1
"Maria evades sgt Griggs. Cyberpunk assassin escaping Menacing Cyberpunk policeman griggs. (dystopian, police state, Cyberpunk 2077, bladerunner 2049). Iranian orientalist portrait by john william waterhouse and Edwin Longsden Long and Theodore Ralli and Nasreddine Dinet, oil on canvas. Cinematic, vivid colors, hyper realism, realistic proportions, dramatic lighting, high detail 4k",1
"a man hides behind a dumpster to reload while the demon in the alley coalesces : high quality high detail painting by david mattingly and larry elmore and richard corben, hd, realistic scene painting, photorealistic lighting, modern supernatural urban horror, street scene ",1
"yeltsin punishes sinners in hell, scary color art, 4 k ",1
arrest of an extraterrestrial grey alien zeta reticulan by spetsnaz,1
"a dramatic emotional hyperrealistic pop surrealist oil panting of a sad sobbing grotesque kawaii vocaloid figurine caricature sobbing red in the face uglycrying with tears and snot featured in animal crossing by h r giger made of dripping paint splatters in the style of bratz, üò≠ ü§Æ üíï üéÄ ",1
dark academia by wlop,1
"a beautiful fullbody portrait of a cute anime boy with white hair and white wolf ears. character design by cory loftis, fenghua zhong, ryohei hase, ismail inceoglu and ruan jia. artstation, volumetric light, detailed, photorealistic, fantasy, rendered in octane ",1
"a 50 year old brunnete chinese man with puffy cheeks bursting in tears on the floor, horror scene, dramatic, close up shot, anime art, Greg Rutkowski, studio ghibli, dramatic lighting",1
"the god hades, hellish, portrait, sharp focus, digital art, concept art, dynamic lighting, subsurface scattering, photoreal, trending on artstation, by emylie boivin 2. 0, artgerm 0. 5, rossdraws 1. 0 ",1
"a man in suit sitting on the top of a car in a flooded street, looking at his phone, anime, cartoon",1
"male anime character, oni mask, seele, portrait male anime, epcot, shadows of colossus, glitch art, glitchcore, lain ayanami thorncrown gaze, with female northern golden detailed a studio rei ayanami, organic, forest druid, cyber punk, hellscape, portrait, male anime character, robot, masterpiece, intricate, highly detailed, sharp, technological rings, by james mccarthy, by beeple and johfra bosschart, combination in the style ayami kojima, highly detailed, painting, 3 d render beeple, unreal engine render, intricate abstract, intricate artwork, by tooth wu, wlop, beeple, dan mumford. concept art, octane render, trending on artstation, greg rutkowski very coherent symmetrical artwork. cinematic, key art, hyper realism, high detail, octane render, 8 k, iridescent accents, albedo from overlord, the library of gems, intricate abstract. intricate artwork, by tooth wu, wlop, beeple, dan mumford. concept art, octane render, trending on artstation, greg rutkowski very coherent symmetrical artwork. cinematic, key art, hyper realism, high detail, octane render, 8 k, iridescent accents ",1
"portrait of sinister girl with thin evil lips, skeksis, battle worn, bandaged nose, expressive eyes, fullbody, translucent skin, procedural rendering, greg rutkowski, charlie bowater, yuumei, yanjun cheng, unreal 5, daz, hyperrealistic, octane render, rpg portrait, dynamic lighting, fantasy art, beautiful face ",1
"sadie sink in hoodie sits on windowsill, knees tucked in | rain falls at night : single storyboard panel, scifi cyberpunk, b & w. by gabriel hardman, joe alves, chris bonura. cinematic atmosphere, detailed and intricate, perfect anatomy ",1
"a portrait of a prisoner in a painting from stalenhag, 4 k, 8 k, hdr, artstation, concept art ",1
"hatsune miku by junji ito and kentaro miura, horror manga, detailed, eerie ",1
"a dramatic emotional hyperrealistic pop surrealist oil panting of a sad sobbing grotesque kawaii vocaloid figurine caricature sobbing red in the face uglycrying with tears and snot featured in silent hill 2 by lisa frank made of fine china, üò≠ü§Æ üíî ",1
"sadie sink in hoodie sits on windowsill, knees tucked in | rain falls at night : storyboard, scifi cyberpunk. by joe alves, chris bonura. cinematic atmosphere, detailed and intricate, perfect anatomy ",1
"close up of a crying girl with pretty eyes, digital art by ruan jia and mandy jurgens and artgerm, highly detailed, trending on artstation, award winning, ",1
"‚Äúa girl sitting and crying in the corner, realism, depression, trending on artstation‚Äù",1
"a 50 year old brunnete chinese man lying on the floor and crying, horror scene, dramatic, shot from the top, anime art, Greg Rutkowski, studio ghibli, dramatic lighting",1
"‚Äú highly detailed and realistic illustration in the style of junji ito and yoshitaka amano, blurred old photo, noisy film grain texture ‚Äù ",1
"an animated portrait of a man weeping over the body of his deceased friend, 3 d, cg, man, crying, sad, 2 d, v - ray render, artstation, cg, portrait, animation, crying, dead, ",1
"‚Äúa pretty girl crying, realism, trending on artstation‚Äù",1
beelzebubs dog with horn in fire,1
"a 50 year old brunnete chinese man with puffy cheeks bursting in tears on the floor, horror scene, dramatic, close up shot, anime art, Greg Rutkowski, studio ghibli, dramatic lighting",1
"complex elon musk very realistic portlet photo, synthwave colors eyes, synthwave, fractal skin, fractal hair, cyborg, 1 5 0 mm, beautiful natural soft light, rim light, fractal details, fine lace, mandelbot fractal, anatomical fractal, glass facial muscles, elegant, ultra detailed, metallic armor, octane render ",1
"sadie sink in hoodie sits on windowsill, knees tucked in as rain falls at night : b & w storyboard drawing, scifi cyberpunk. by joe alves, gabriel hardman, chris bonura. cinematic atmosphere, detailed and intricate, perfect anatomy ",1
"woman character wearing a red bodysuit, acid hallucinations floating around their head, by moebius, alexander mcqueen headdress with beads, by kawase hasu ",1
Photo of TF2 scout shaking hands with Donald Trump,1
Polish meme,1
"cugo drawn by bill watterson, detailed, ",1
"a painting of a elder African man by Kara Walker . dramatic angle, ethereal lights, details, smooth, sharp focus, illustration, realistic, cinematic, artstation, award winning, rgb , unreal engine, octane render, cinematic light, macro, depth of field, blur, red light and clouds from the back, highly detailed epic cinematic concept art CG render made in Maya, Blender and Photoshop, octane render, excellent composition, dynamic dramatic cinematic lighting, aesthetic, very inspirational, arthouse.",1
"full figure hyper realistic painting of young gorgeous catwoman in tim burton's batman film, hyper detailed, by clay mann, ayami kojima and greg rutkowski, trending on artstation, 3 light sources, rule of thirds, dutch angle ",1
"cyberpunk kickboxing match ( blade runner 2 0 4 9, dystopian, cyberpunk 2 0 7 7 character design ). portrait by james gurney and laurie greasley, oil on canvas. cinematic, hyper realism, realistic proportions, dramatic lighting, high detail 4 k ",1
mf doom holding a microphone,1
"a sword fight between a man and his much younger kid brother. Ruan Jia, Phil Hale",1
"a black and white photograph in the style of Jim Henson, Gary Baseman, Robert Crumb, Ernie Bushmiller, Hanna Barbera, Sid and Marty Kroft, photorealism, surreal, high contrast, film photography",1
"painting of a sloth vs pigeon kung fu style in a dojo, facing each other, aggressive sloth vs a muscled pigeon, best photo award, high quality 8 k, cinematic lighting, painting by kusama, high detail, realism : 9 5 % ",1
fashion advertising campaign by yue minjun,1
"Javier fights sgt Nash. Cyberpunk kickboxer in orange jumpsuit fighting menacing police troopers (blade runner 2049). attractive face. Orientalist portrait by john william waterhouse and James Gurney and Theodore Ralli and Nasreddine Dinet, oil on canvas. Cinematic, hyper realism, realistic proportions, dramatic lighting, high detail 4k",1
"a new sport has been invented, it is a cross between paint ball and basketball, digital art by mandy jurgens and irena french, heraldo ortega, hyperdetailed, artstation, cgsociety. ",1
‚Äú seth rogen sword fighting with joe rogan ‚Äù,1
john cena with a gray cap and a gray hoodie with the hood on. He's in a rap battle at an abandoned warehouse. A big crowd of people is watching. Lose yourself by eminem music video.,1
"a highly detailed pulcinella!! from naples, holding sign pointing, pizza in foreground, volcano in background, dark sky, smoke, lava, post - apocalyptic road warrior vibe, full body, wide angle, an ultrafine detailed painting by joe fenton, trending on deviantart, pop surrealism, whimsical, lowbrow, perfect symmetrical face, sharp focus, octane, masterpiece ",1
"scared elmo boxing cookie monster, muay thai match in lumpinee boxing stadium, film still from the movie, wide lens ",1
"self by disney concept artists, blunt borders, rule of thirds ",1
"photograph of a sexy female comando storming the battle ground in an action movie, filmic, cinematographic ",1
"cartoonish little tarantino running, by geert goilis, vivid colors, character sheet, fine details, concept design, contrast, kim jung gi, greg rutkowski, trending on artstation, 8 k, full body, turnaround, front view, back view, ultra wide angle ",1
"a detailed digital art portait of angry zombie lebron james, art by norman rockwell ",1
"a cyberpunk assassin wrestling cops, centered in the frame, cyberpunk concept art by Jean Giraud and josan gonzales, digital art, highly detailed, intricate, sci-fi, sharp focus, Trending on Artstation HQ, deviantart, 4K UHD image",1
"working out by disney concept artists, blunt borders, rule of thirds ",1
"cyberpunk paul blart fighting shoplifter. portrait by ashley wood and alphonse mucha and laurie greasley and josan gonzalez and james gurney. spliner cell, apex legends, rb 6 s, hl 2, d & d, cyberpunk 2 0 7 7. realistic face. vivid color. dystopian setting. ",1
"ezra defeats sgt griggs. cyberpunk hacker knocking out menacing cop ( blade runner 2 0 4 9, dystopian, cyberpunk 2 0 7 7 character design ). epic painting by james gurney and laurie greasley, oil on canvas. cinematic, hyper realism, realistic proportions, anatomy, dramatic lighting, high detail 4 k ",1
cs:go player s1mple holding and awp and saying that the awp is the easiest weapon in the game,1
photograph of new james bond movie gadget designed for a child,1
"separation of self by disney concept artists, blunt borders, rule of thirds ",1
"Maria igwe evades sgt Nash. Cyberpunk hacker in orange jumpsuit escaping menacing police troopers (blade runner 2049). beautiful face. Rooftop free running. Orientalist portrait by john william waterhouse and James Gurney and Theodore Ralli and Nasreddine Dinet, oil on canvas. Cinematic, hyper realism, realistic proportions, dramatic lighting, high detail 4k",1
a portrait of a screaming bruce lee by mcbess and shepard fairey and lisa frank,1
"cyberpunk assassin knocking out a guard ( blade runner 2 0 4 9, dystopian, cyberpunk 2 0 7 7 character design ). orientalist portrait by john william waterhouse and james gurney and theodore ralli and nasreddine dinet, oil on canvas. cinematic, hyper realism, realistic proportions, dramatic lighting, high detail 4 k ",1
"kanye west having a fistfight with lester crest from gta v, gameplay, grand theft auto v, strong dramatic cinematic lighting, blood red sky, smooth, sharp focus, extremely detailed ",1
"two big hairy strongmen husbands in shorts in a forest, kissing around a campfire, daddy energy, wholesome, cute, love, photography, high details, epic, high resolution ",1
"the face and shoulders of a young black couple without shirt in the style of lucian freud. smoking a cigarette, mouths slightly open. one hand is reaching behind he head. face has many wrinkles, cuts and character. he is looking down. oil painting, thick brush strokes. hard, strong shadows. high contrast. clean gray brown background. lit by a single light from above their heads. perspective from below. 7 5 mm. ",1
"jujitsu ezra. a cyberpunk assassin wrestling cops, centered in the frame, cyberpunk concept art by Jean Giraud and josan gonzales, digital art, highly detailed, intricate, sci-fi, sharp focus, Trending on Artstation HQ, deviantart, 4K UHD image",1
"woman fighting fire by disney concept artists, blunt borders, rule of thirds ",1
"chuck norris doing a high kick, a page from cyberpunk 2 0 2 0, style of paolo parente, style of mike jackson, adam smasher, johnny silverhand, 1 9 9 0 s comic book style, white background, ink drawing, black and white, colouring pages ",1
professional drawing in the style of kentaro miura of boxing world champion rocky marciano punching,1
"ismail inceoglu epic oil on canvas painting of a samurai movie poster art, line art!!, ink, art concept for a book cover!!, harmonic colours, ran movie still, akira kurosawa photography, highly detailed, centered, hyperrealism, romantic, concept art, smooth, sharp focus trending on artstation, by greg manchess and by craig mullins and by kilian eng and by jake parker ",1
"a portrait of bruce lee screaming by mcbess, drawn with black and yellow permanent marker ",1
"Tibetan Book of the Dead Opening a Portal to Bardo, in the Style of Mike Mignola and Tomer Hanuka, vibrant colors, hard shadows,  Comic Cover Art, trending on artstation",1
"unbelivable tension between two people, surreal, vivid colors, painting by Alexander Mandradjiev, part by Yoji Shinkawa, part by Norman Rockwell",1
"bodies entwined in a fight, extremely intricate and detailed, by painted by francis bacon, conor harrington, adrian ghenie, and james jean. 8 k cinematic lighting, hyper realism ",1
"wojak meme white wojak meme wojak meme with wrinckled forehead wearing army helmet , insanely detailed, 8K , HDR , GFX Association , low angle, tilted , perfect lighting , Macro lens , professional lenses awards winning trending on Artstation , cover , national geographic best photo of the year",1
"Maria Igwe evades sgt Griggs. Cyberpunk hacker escaping police troopers (blade runner 2049). Gorgeous face. Iranian orientalist portrait by john william waterhouse and Edwin Longsden Long and Theodore Ralli and Nasreddine Dinet, oil on canvas. Cinematic, hyper realism, realistic proportions, dramatic lighting, high detail 4k",1
"cyborg biden practicing kung fu at the shaolin temple. realism, high detailed, fine art, trending on artstation, smooth draw, sharp focus. ",1
"joshua defeats sgt griggs. cyberpunk assassin knocking out menacing police trooper griggs ( blade runner 2 0 4 9, dystopian, cyberpunk 2 0 7 7 character design ). epic painting by james gurney and laurie greasley, oil on canvas. cinematic, hyper realism, realistic proportions, anatomy, dramatic lighting, high detail 4 k ",1
"two thugs in a long dark tunnel smoking and drinking listening to drum & bass, football hooligans ",1
"sam fisher knocking out a guard ( blade runner 2 0 4 9, dystopian, cyberpunk 2 0 7 7 character design ). orientalist portrait by john william waterhouse and james gurney and theodore ralli and nasreddine dinet, oil on canvas. cinematic, hyper realism, realistic proportions, dramatic lighting, high detail 4 k ",1
"a still from the film rocky by francis bacon, surreal, norman rockwell and james jean, greg hildebrandt, and mark brooks, triadic color scheme, by greg rutkowski, in the style of francis bacon and syd mead and edward hopper and norman rockwell and beksinski, dark surrealism, open ceiling ",1
"Disposable camera photo of a provocative techwear packed busy rundown nightclub, lots of people, males and females breakdancing, variety of sharp sparkly creepy masks, harnesses and garters, tactical vests and holsters, some people holding drinks or have robot limbs or have cybernetic mods, tattoos and piercings, retrofuturism, brutalism, cyberpunk, sigma 85mm f/1.4, 15mm, 35mm, tilted frame, long exposure, 4k, high resolution, 4k, 8k, hd, wide angle lens, highly detailed, full color, harsh light and shadow, intoxicatingly blurry",1
saul goodman in counter strike screenshot,1
